"Artist","Title","Length","SourceChannel","Url","Review"
"GTI","GTI - Ortigia","364","proxima9000","https://soundcloud.com/proxima9000/gti-ortigia-proxima","metadonnees"
"Slumjuice","Slumjuice - Kingler","346","Pure Echo","https://soundcloud.com/pureecho/slumjuice-kingler-pe004","metadonnees"
"WARNING","NEW HIT: Pire Meilleur - The Message","402","WARNING","https://soundcloud.com/warningberlin/new-hit-trips","metadonnees"
"Pire Meilleur","PREMIERE⚡️Pire Meilleur - Erosion","372","Electric Shapes","https://soundcloud.com/electric_shapes/premierepire-meilleur-erosion-art-bei-ton","metadonnees"
"Inner Zone","Inner Zone - Folded Realm (Kohra Remix)","399","space lab","https://soundcloud.com/spacelabrecords/inner-zone-terminal-code-kohra-remix","metadonnees"
"Tewo Rina","Parasite (Bambi Soothing Mix)","408","Tewo Rina","https://soundcloud.com/teworina/parasite-bambi-soothing-mix-5","metadonnees"
"Orbitando","Solarythm - Vestigia Mentis (Solma Remix)","394","Orbitando","https://soundcloud.com/orbitandorecords/solarythm-vestigia-mentis-solma-remix-abt-ep004","metadonnees"
"Kohra & Monophonik","Kohra & Monophonik - Eastern Timbres","411","Orb Mag","https://soundcloud.com/orbmag/kohra-monophonik-eastern-timbres","metadonnees"
"FOREST","Water Lilies","369","Geosmine","https://soundcloud.com/geosmine/forest-water-lilies","artiste extrait du titre"
"LAPRAX","Cling","266","LAPRAX","https://soundcloud.com/laprax-866257850/free-dl-laprax-the-hunt-below",""
"less","Penitent","313","less","https://soundcloud.com/less1er/penitent","artiste=chaine"
"MIKRO WRX","PLUG-IN - RUFINO Y FIGURITAS (Dog on Acid Remix)","337","MIKRO WRX","https://soundcloud.com/mikrowrx/mw-premiere-plug-in-rufino-y-figuritas-dog-on-acid-remix-rfr007","metadonnees"
"FH","Newa - INFINITE [FANTASTIC PLANET)","367","FH","https://soundcloud.com/four-heads/premiere-newa-infinite-fantastic-planet","metadonnees"
"CV Premiere I Pōnky","Dub White Cookie","353","CONCEPTUAL VIOLENCE","https://soundcloud.com/conceptualviolence/cv-premiere-i-ponky-dub-white-cookie","artiste extrait du titre"
"Rauschtrax, Contre 6","Contre6 - KATTEMO MNRD021","311","Rauschtrax","https://soundcloud.com/rauschtraxlabel/premiere-contre6-kattemo","metadonnees"
"HighT","HighT - Eschenheimer Tor","331","HighT","https://soundcloud.com/high_towerrr/hight-eschenheimer-tor","metadonnees"
"CCSC","Percecption-CCSC","317","FRERES RECORDINGS","https://soundcloud.com/frerescolectivo/percecption-ccsc-1","metadonnees"
"Stupid Child","Stupid Child - Ambivalence","253","Stupid Child","https://soundcloud.com/stupidchild-music/stupidchild-ambivalence","metadonnees"
"Conntex, BENZA","Conntex - Kinetic (BENZA Remix)","342","LABURNŪM","https://soundcloud.com/laburnum-records/b2-conntex-kinetic-benza-remix-lbrnm29","metadonnees"
"Røderick","Groovy nights","281","Røderick","https://soundcloud.com/rode_rick/groovy-nights-1","metadonnees"
"less","Indifference","272","less","https://soundcloud.com/less1er/indifference","artiste=chaine"
"OUTER909","ARMAS BIOLOGICAS","380","OUTER909","https://soundcloud.com/outer909/armas-biologicas-free-dl","metadonnees"
"Volster","EXPOSITION K","385","danger diego","https://soundcloud.com/diego-ignacio-fernandez-nieto/volster-exposition-k-scssn018","artiste extrait du titre"
"Bukin","Tarkoev Tarkoev","465","ASW","https://soundcloud.com/asw-collective/bukin-tarkoev-tarkoev","artiste extrait du titre"
"Marco del Bosque","Marco del Bosque - Missing Friends","391","Marco del Bosque","https://soundcloud.com/marcodelbosque/marco-del-bosque-missing-1","metadonnees"
"Agent Chicken","Better than a kick in the groin","305","Mirweis","https://soundcloud.com/mirweis/better-than-a-kick-in-the","metadonnees"
"Alarico","Alarico - IB1809 | Curation Five: Alarico | The Third Room","342","The Third Room","https://soundcloud.com/thethirdroom_t3r/premiere-alarico-ib1809","metadonnees"
"Grace Dahl","Grace Dahl, Alec Dienaar - Lights Keep Flashing (Vilchezz Remix)","289","ANTIDOTE","https://soundcloud.com/antidoteamsterdam/antidote-premiere-grace-dahl-alec-dienaar-lights-keep-flashing-vilchezz-remix-sdt001","metadonnees"
"CRYME x Ben Reymann","Stairway of Desire","301","SEVEN","https://soundcloud.com/sevenberlin/premiere-cryme-x-ben-reymann","artiste extrait du titre"
"allure.","Aidan Rudd - Cultivar (Arktic & KLIO Remix)","387","allure.","https://soundcloud.com/allurerecs/aidan-rudd-cultivar-arktic-x-klio","metadonnees"
"Agustina Alcober, JNK","AGUSTINA ALCOBER - BY YOUR SIDE (JNK EDIT)","304","JNK AKA DJ POTZ BLITZ","https://soundcloud.com/jnk_djpotzblitz/by-your-side-edit","metadonnees"
"Peak Experience","Alvar - Witching Hour","443","Peak Experience","https://soundcloud.com/peak-x-perience/alvar-witching-hour","metadonnees"
"Dioxid","Outside (ft. Fenimore)","340","instinkt lab","https://soundcloud.com/instinktlab/dioxid-outside-ft-fenimore","artiste extrait du titre"
"FENIM0RE","FENIM0RE – Providence of Yanagi","316","Vault Sessions | Vault Records","https://soundcloud.com/vault-sessions-collective/premiere-fenim0re-providence-of-yanagi-trsn037","metadonnees"
"FRANZISKANER CLUB","FRANZISKANER CLUB - Morasko","264","PUIN","https://soundcloud.com/puin_collective/franziskaner-club-morasko","metadonnees"
"Atonal Rytm","[PREMIERE] | Atonal Rytm - False Step","323","POLISH TECHNO.LOGY/PTL","https://soundcloud.com/polishtechnology/premiere-atonal-rytm-false-step-arva02","metadonnees"
"STÜTZPUNKT","The Chronics - Believe In (Ned Bennett Remix)","335","STÜTZPUNKT","https://soundcloud.com/stuetzpunkt/the-chronics-believe-in-ned-bennett-remix-4","metadonnees"
"Sarmien","Reflections Of A Shining Sun","348","sarmien","https://soundcloud.com/sarmienmusic/sarmien-reflections-of-a-1","metadonnees"
"Jan Zimmermann","One Ride","348","Jan Zimmermann","https://soundcloud.com/janzimmermann777/one-ride-jan-zimmermann","metadonnees"
"FRANZISKANER CLUB","FRANZISKANER CLUB - Lose It","238","FRANZISKANER CLUB","https://soundcloud.com/franziskaner-club/lose-it-free-download","metadonnees"
"Fpf","Ceiling Op","322","Fast Pace Funk","https://soundcloud.com/jobaker/fpf-ceiling-op-v2-fltsmst","artiste extrait du titre"
"veit","veit - 2 The Riddim I","285","veit","https://soundcloud.com/veit-dj/2-the-riddim","metadonnees"
"Fpf","Jack Tool","306","Fast Pace Funk","https://soundcloud.com/jobaker/fpf-jack-tool-fltsmst-1","artiste extrait du titre"
"Fast Dogs","","323","Fast Dogs","https://soundcloud.com/fastdogsrecords/sarmien-funk-the-vocal-fast","metadonnees"
"Mezer The Architect (I.C. TRAX)","My Money","300","Mezer The Architect (I.C. TRAX)","https://soundcloud.com/mezerini/my-money","artiste=chaine"
"AKA DISPLAY","Don't Play","241","AKA DISPLAY","https://soundcloud.com/akadisplay/dont-play","metadonnees"
"Alex Lees [2TEK]","Lemme Speak","288","Alex Lees","https://soundcloud.com/alexlees/alex-lees-lemme-speak","metadonnees"
"Døra","Freaky Fridays","272","Døra","https://soundcloud.com/dora-grooves/freaky-fridays","metadonnees"
"Brick","Control","380","Brick","https://soundcloud.com/brick909/control-1","metadonnees"
"Sean Ruane","Pump Da Move","263","Sean Ruane","https://soundcloud.com/seanruane/pump-da-move","artiste=chaine"
"Red Rooms","Red Rooms - Endurance","288","Red Rooms","https://soundcloud.com/red_rooms/red-rooms-endurance-2","metadonnees"
"Juri Heidemann","Juri Heidemann - Track 5","336","Juri Heidemann","https://soundcloud.com/juriheidemann/premiere-juri-heidemann-track-5-dollyts11","metadonnees"
"Tuulacult","Kryo","266","Tuulacult","https://soundcloud.com/tuulacult/kryo","metadonnees"
"Heavy Civil","Heavy Civil - Earthworks","342","Heavy Civil","https://soundcloud.com/heavy-civil/heavy-civil-earthworks-2","metadonnees"
"Max Noesen","Groeve Original Mix","322","Max Noesen","https://soundcloud.com/maxnoesen/groeve-original-mix","metadonnees"
"Mistr Dean","Mistr Dean - Automagic","318","Lower Power","https://soundcloud.com/lower-power/mistr-dean-automagic-5","metadonnees"
